sscbench_filename,kitti360_filename
000000.png,0000000010.png
000001.png,0000000013.png
000002.png,0000000015.png
000003.png,0000000017.png
000004.png,0000000018.png
000005.png,0000000019.png
000006.png,0000000020.png
000007.png,0000000021.png
000008.png,0000000022.png
000009.png,0000000023.png
000010.png,0000000024.png
000011.png,0000000025.png
000012.png,0000000026.png
000013.png,0000000027.png
000014.png,0000000028.png
000015.png,0000000029.png
000016.png,0000000030.png
000017.png,0000000031.png
000018.png,0000000032.png
000019.png,0000000033.png
000020.png,0000000034.png
000021.png,0000000035.png
000022.png,0000000036.png
000023.png,0000000037.png
000024.png,0000000038.png
000025.png,0000000039.png
000026.png,0000000040.png
000027.png,0000000041.png
000028.png,0000000042.png
000029.png,0000000043.png
000030.png,0000000044.png
000031.png,0000000045.png
000032.png,0000000046.png
000033.png,0000000047.png
000034.png,0000000048.png
000035.png,0000000049.png
000036.png,0000000050.png
000037.png,0000000051.png
000038.png,0000000052.png
000039.png,0000000053.png
000040.png,0000000054.png
000041.png,0000000055.png
000042.png,0000000056.png
000043.png,0000000057.png
000044.png,0000000058.png
000045.png,0000000059.png
000046.png,0000000060.png
000047.png,0000000061.png
000048.png,0000000062.png
000049.png,0000000063.png
000050.png,0000000064.png
000051.png,0000000065.png
000052.png,0000000066.png
000053.png,0000000067.png
000054.png,0000000068.png
000055.png,0000000069.png
000056.png,0000000070.png
000057.png,0000000071.png
000058.png,0000000072.png
000059.png,0000000073.png
000060.png,0000000074.png
000061.png,0000000075.png
000062.png,0000000076.png
000063.png,0000000077.png
000064.png,0000000078.png
000065.png,0000000079.png
000066.png,0000000080.png
000067.png,0000000081.png
000068.png,0000000082.png
000069.png,0000000083.png
000070.png,0000000084.png
000071.png,0000000085.png
000072.png,0000000086.png
000073.png,0000000087.png
000074.png,0000000088.png
000075.png,0000000089.png
000076.png,0000000090.png
000077.png,0000000091.png
000078.png,0000000092.png
000079.png,0000000093.png
000080.png,0000000094.png
000081.png,0000000095.png
000082.png,0000000096.png
000083.png,0000000097.png
000084.png,0000000098.png
000085.png,0000000099.png
000086.png,0000000100.png
000087.png,0000000101.png
000088.png,0000000102.png
000089.png,0000000103.png
000090.png,0000000104.png
000091.png,0000000105.png
000092.png,0000000106.png
000093.png,0000000107.png
000094.png,0000000108.png
000095.png,0000000109.png
000096.png,0000000110.png
000097.png,0000000111.png
000098.png,0000000112.png
000099.png,0000000113.png
000100.png,0000000114.png
000101.png,0000000115.png
000102.png,0000000116.png
000103.png,0000000117.png
000104.png,0000000118.png
000105.png,0000000119.png
000106.png,0000000120.png
000107.png,0000000121.png
000108.png,0000000122.png
000109.png,0000000123.png
000110.png,0000000124.png
000111.png,0000000125.png
000112.png,0000000126.png
000113.png,0000000127.png
000114.png,0000000128.png
000115.png,0000000129.png
000116.png,0000000130.png
000117.png,0000000131.png
000118.png,0000000132.png
000119.png,0000000133.png
000120.png,0000000134.png
000121.png,0000000135.png
000122.png,0000000136.png
000123.png,0000000137.png
000124.png,0000000138.png
000125.png,0000000139.png
000126.png,0000000140.png
000127.png,0000000141.png
000128.png,0000000142.png
000129.png,0000000143.png
000130.png,0000000144.png
000131.png,0000000145.png
000132.png,0000000146.png
000133.png,0000000147.png
000134.png,0000000148.png
000135.png,0000000149.png
000136.png,0000000150.png
000137.png,0000000151.png
000138.png,0000000152.png
000139.png,0000000153.png
000140.png,0000000154.png
000141.png,0000000155.png
000142.png,0000000156.png
000143.png,0000000157.png
000144.png,0000000158.png
000145.png,0000000159.png
000146.png,0000000160.png
000147.png,0000000161.png
000148.png,0000000162.png
000149.png,0000000163.png
000150.png,0000000164.png
000151.png,0000000165.png
000152.png,0000000166.png
000153.png,0000000167.png
000154.png,0000000168.png
000155.png,0000000169.png
000156.png,0000000170.png
000157.png,0000000171.png
000158.png,0000000172.png
000159.png,0000000173.png
000160.png,0000000174.png
000161.png,0000000175.png
000162.png,0000000176.png
000163.png,0000000177.png
000164.png,0000000178.png
000165.png,0000000179.png
000166.png,0000000180.png
000167.png,0000000181.png
000168.png,0000000182.png
000169.png,0000000183.png
000170.png,0000000184.png
000171.png,0000000185.png
000172.png,0000000186.png
000173.png,0000000187.png
000174.png,0000000188.png
000175.png,0000000189.png
000176.png,0000000190.png
000177.png,0000000191.png
000178.png,0000000192.png
000179.png,0000000193.png
000180.png,0000000194.png
000181.png,0000000195.png
000182.png,0000000196.png
000183.png,0000000197.png
000184.png,0000000198.png
000185.png,0000000199.png
000186.png,0000000200.png
000187.png,0000000201.png
000188.png,0000000202.png
000189.png,0000000203.png
000190.png,0000000204.png
000191.png,0000000205.png
000192.png,0000000206.png
000193.png,0000000207.png
000194.png,0000000208.png
000195.png,0000000209.png
000196.png,0000000210.png
000197.png,0000000211.png
000198.png,0000000212.png
000199.png,0000000213.png
000200.png,0000000214.png
000201.png,0000000215.png
000202.png,0000000216.png
000203.png,0000000217.png
000204.png,0000000218.png
000205.png,0000000219.png
000206.png,0000000220.png
000207.png,0000000221.png
000208.png,0000000222.png
000209.png,0000000223.png
000210.png,0000000224.png
000211.png,0000000225.png
000212.png,0000000226.png
000213.png,0000000227.png
000214.png,0000000228.png
000215.png,0000000229.png
000216.png,0000000230.png
000217.png,0000000231.png
000218.png,0000000232.png
000219.png,0000000233.png
000220.png,0000000234.png
000221.png,0000000235.png
000222.png,0000000236.png
000223.png,0000000237.png
000224.png,0000000238.png
000225.png,0000000239.png
000226.png,0000000240.png
000227.png,0000000241.png
000228.png,0000000242.png
000229.png,0000000243.png
000230.png,0000000244.png
000231.png,0000000245.png
000232.png,0000000246.png
000233.png,0000000247.png
000234.png,0000000248.png
000235.png,0000000249.png
000236.png,0000000250.png
000237.png,0000000251.png
000238.png,0000000252.png
000239.png,0000000253.png
000240.png,0000000254.png
000241.png,0000000255.png
000242.png,0000000256.png
000243.png,0000000257.png
000244.png,0000000258.png
000245.png,0000000259.png
000246.png,0000000260.png
000247.png,0000000261.png
000248.png,0000000262.png
000249.png,0000000263.png
000250.png,0000000264.png
000251.png,0000000265.png
000252.png,0000000266.png
000253.png,0000000267.png
000254.png,0000000268.png
000255.png,0000000269.png
000256.png,0000000270.png
000257.png,0000000271.png
000258.png,0000000272.png
000259.png,0000000273.png
000260.png,0000000274.png
000261.png,0000000275.png
000262.png,0000000276.png
000263.png,0000000277.png
000264.png,0000000278.png
000265.png,0000000279.png
000266.png,0000000280.png
000267.png,0000000281.png
000268.png,0000000282.png
000269.png,0000000283.png
000270.png,0000000284.png
000271.png,0000000285.png
000272.png,0000000286.png
000273.png,0000000287.png
000274.png,0000000288.png
000275.png,0000000289.png
000276.png,0000000290.png
000277.png,0000000291.png
000278.png,0000000292.png
000279.png,0000000293.png
000280.png,0000000294.png
000281.png,0000000295.png
000282.png,0000000296.png
000283.png,0000000297.png
000284.png,0000000298.png
000285.png,0000000299.png
000286.png,0000000300.png
000287.png,0000000301.png
000288.png,0000000302.png
000289.png,0000000303.png
000290.png,0000000304.png
000291.png,0000000305.png
000292.png,0000000306.png
000293.png,0000000307.png
000294.png,0000000308.png
000295.png,0000000309.png
000296.png,0000000310.png
000297.png,0000000311.png
000298.png,0000000312.png
000299.png,0000000313.png
000300.png,0000000314.png
000301.png,0000000315.png
000302.png,0000000316.png
000303.png,0000000317.png
000304.png,0000000318.png
000305.png,0000000319.png
000306.png,0000000320.png
000307.png,0000000321.png
000308.png,0000000322.png
000309.png,0000000323.png
000310.png,0000000324.png
000311.png,0000000325.png
000312.png,0000000326.png
000313.png,0000000327.png
000314.png,0000000328.png
000315.png,0000000329.png
000316.png,0000000330.png
000317.png,0000000331.png
000318.png,0000000332.png
000319.png,0000000333.png
000320.png,0000000334.png
000321.png,0000000335.png
000322.png,0000000336.png
000323.png,0000000337.png
000324.png,0000000338.png
000325.png,0000000339.png
000326.png,0000000340.png
000327.png,0000000341.png
000328.png,0000000342.png
000329.png,0000000343.png
000330.png,0000000344.png
000331.png,0000000345.png
000332.png,0000000346.png
000333.png,0000000347.png
000334.png,0000000348.png
000335.png,0000000349.png
000336.png,0000000350.png
000337.png,0000000351.png
000338.png,0000000352.png
000339.png,0000000353.png
000340.png,0000000354.png
000341.png,0000000355.png
000342.png,0000000356.png
000343.png,0000000357.png
000344.png,0000000358.png
000345.png,0000000359.png
000346.png,0000000360.png
000347.png,0000000361.png
000348.png,0000000362.png
000349.png,0000000363.png
000350.png,0000000364.png
000351.png,0000000365.png
000352.png,0000000366.png
000353.png,0000000367.png
000354.png,0000000368.png
000355.png,0000000369.png
000356.png,0000000370.png
000357.png,0000000371.png
000358.png,0000000372.png
000359.png,0000000373.png
000360.png,0000000374.png
000361.png,0000000375.png
000362.png,0000000376.png
000363.png,0000000377.png
000364.png,0000000378.png
000365.png,0000000379.png
000366.png,0000000380.png
000367.png,0000000381.png
000368.png,0000000382.png
000369.png,0000000383.png
000370.png,0000000384.png
000371.png,0000000385.png
000372.png,0000000386.png
000373.png,0000000387.png
000374.png,0000000388.png
000375.png,0000000389.png
000376.png,0000000390.png
000377.png,0000000391.png
000378.png,0000000392.png
000379.png,0000000393.png
000380.png,0000000394.png
000381.png,0000000395.png
000382.png,0000000396.png
000383.png,0000000397.png
000384.png,0000000398.png
000385.png,0000000399.png
000386.png,0000000400.png
000387.png,0000000401.png
000388.png,0000000402.png
000389.png,0000000403.png
000390.png,0000000404.png
000391.png,0000000405.png
000392.png,0000000406.png
000393.png,0000000407.png
000394.png,0000000408.png
000395.png,0000000409.png
000396.png,0000000410.png
000397.png,0000000411.png
000398.png,0000000412.png
000399.png,0000000413.png
000400.png,0000000414.png
000401.png,0000000415.png
000402.png,0000000416.png
000403.png,0000000417.png
000404.png,0000000418.png
000405.png,0000000419.png
000406.png,0000000420.png
000407.png,0000000421.png
000408.png,0000000422.png
000409.png,0000000423.png
000410.png,0000000424.png
000411.png,0000000425.png
000412.png,0000000426.png
000413.png,0000000427.png
000414.png,0000000428.png
000415.png,0000000429.png
000416.png,0000000430.png
000417.png,0000000431.png
000418.png,0000000432.png
000419.png,0000000433.png
000420.png,0000000434.png
000421.png,0000000435.png
000422.png,0000000436.png
000423.png,0000000437.png
000424.png,0000000438.png
000425.png,0000000439.png
000426.png,0000000440.png
000427.png,0000000441.png
000428.png,0000000442.png
000429.png,0000000443.png
000430.png,0000000444.png
000431.png,0000000445.png
000432.png,0000000446.png
000433.png,0000000447.png
000434.png,0000000448.png
000435.png,0000000449.png
000436.png,0000000450.png
000437.png,0000000451.png
000438.png,0000000452.png
000439.png,0000000453.png
000440.png,0000000454.png
000441.png,0000000455.png
000442.png,0000000456.png
000443.png,0000000457.png
000444.png,0000000458.png
000445.png,0000000459.png
000446.png,0000000460.png
000447.png,0000000461.png
000448.png,0000000462.png
000449.png,0000000463.png
000450.png,0000000464.png
000451.png,0000000465.png
000452.png,0000000466.png
000453.png,0000000467.png
000454.png,0000000468.png
000455.png,0000000469.png
000456.png,0000000470.png
000457.png,0000000471.png
000458.png,0000000472.png
000459.png,0000000473.png
000460.png,0000000474.png
000461.png,0000000475.png
000462.png,0000000476.png
000463.png,0000000477.png
000464.png,0000000478.png
000465.png,0000000479.png
000466.png,0000000480.png
000467.png,0000000481.png
000468.png,0000000482.png
000469.png,0000000483.png
000470.png,0000000484.png
000471.png,0000000485.png
000472.png,0000000486.png
000473.png,0000000487.png
000474.png,0000000488.png
000475.png,0000000489.png
000476.png,0000000490.png
000477.png,0000000491.png
000478.png,0000000492.png
000479.png,0000000493.png
000480.png,0000000494.png
000481.png,0000000495.png
000482.png,0000000496.png
000483.png,0000000497.png
000484.png,0000000498.png
000485.png,0000000499.png
000486.png,0000000500.png
000487.png,0000000501.png
000488.png,0000000502.png
000489.png,0000000503.png
000490.png,0000000504.png
000491.png,0000000505.png
000492.png,0000000506.png
000493.png,0000000507.png
000494.png,0000000508.png
000495.png,0000000509.png
000496.png,0000000510.png
000497.png,0000000511.png
000498.png,0000000512.png
000499.png,0000000513.png
000500.png,0000000514.png
000501.png,0000000515.png
000502.png,0000000516.png
000503.png,0000000517.png
000504.png,0000000518.png
000505.png,0000000519.png
000506.png,0000000520.png
000507.png,0000000521.png
000508.png,0000000522.png
000509.png,0000000523.png
000510.png,0000000524.png
000511.png,0000000525.png
000512.png,0000000526.png
000513.png,0000000527.png
000514.png,0000000528.png
000515.png,0000000529.png
000516.png,0000000530.png
000517.png,0000000531.png
000518.png,0000000532.png
000519.png,0000000533.png
000520.png,0000000534.png
000521.png,0000000535.png
000522.png,0000000536.png
000523.png,0000000537.png
000524.png,0000000538.png
000525.png,0000000539.png
000526.png,0000000540.png
000527.png,0000000541.png
000528.png,0000000542.png
000529.png,0000000543.png
000530.png,0000000544.png
000531.png,0000000545.png
000532.png,0000000546.png
000533.png,0000000547.png
000534.png,0000000548.png
000535.png,0000000549.png
000536.png,0000000550.png
000537.png,0000000551.png
000538.png,0000000552.png
000539.png,0000000553.png
000540.png,0000000554.png
000541.png,0000000555.png
000542.png,0000000556.png
000543.png,0000000557.png
000544.png,0000000558.png
000545.png,0000000559.png
000546.png,0000000560.png
000547.png,0000000561.png
000548.png,0000000562.png
000549.png,0000000563.png
000550.png,0000000564.png
000551.png,0000000565.png
000552.png,0000000566.png
000553.png,0000000567.png
000554.png,0000000568.png
000555.png,0000000569.png
000556.png,0000000570.png
000557.png,0000000571.png
000558.png,0000000572.png
000559.png,0000000573.png
000560.png,0000000574.png
000561.png,0000000575.png
000562.png,0000000576.png
000563.png,0000000577.png
000564.png,0000000578.png
000565.png,0000000579.png
000566.png,0000000580.png
000567.png,0000000581.png
000568.png,0000000582.png
000569.png,0000000583.png
000570.png,0000000584.png
000571.png,0000000585.png
000572.png,0000000586.png
000573.png,0000000587.png
000574.png,0000000588.png
000575.png,0000000589.png
000576.png,0000000590.png
000577.png,0000000591.png
000578.png,0000000592.png
000579.png,0000000593.png
000580.png,0000000594.png
000581.png,0000000595.png
000582.png,0000000596.png
000583.png,0000000597.png
000584.png,0000000598.png
000585.png,0000000599.png
000586.png,0000000600.png
000587.png,0000000601.png
000588.png,0000000602.png
000589.png,0000000603.png
000590.png,0000000604.png
000591.png,0000000605.png
000592.png,0000000606.png
000593.png,0000000607.png
000594.png,0000000608.png
000595.png,0000000609.png
000596.png,0000000610.png
000597.png,0000000611.png
000598.png,0000000612.png
000599.png,0000000613.png
000600.png,0000000614.png
000601.png,0000000615.png
000602.png,0000000616.png
000603.png,0000000617.png
000604.png,0000000618.png
000605.png,0000000619.png
000606.png,0000000620.png
000607.png,0000000621.png
000608.png,0000000622.png
000609.png,0000000623.png
000610.png,0000000624.png
000611.png,0000000625.png
000612.png,0000000626.png
000613.png,0000000627.png
000614.png,0000000628.png
000615.png,0000000629.png
000616.png,0000000630.png
000617.png,0000000631.png
000618.png,0000000632.png
000619.png,0000000633.png
000620.png,0000000634.png
000621.png,0000000635.png
000622.png,0000000636.png
000623.png,0000000637.png
000624.png,0000000638.png
000625.png,0000000639.png
000626.png,0000000640.png
000627.png,0000000641.png
000628.png,0000000642.png
000629.png,0000000643.png
000630.png,0000000644.png
000631.png,0000000645.png
000632.png,0000000646.png
000633.png,0000000647.png
000634.png,0000000648.png
000635.png,0000000649.png
000636.png,0000000650.png
000637.png,0000000651.png
000638.png,0000000652.png
000639.png,0000000653.png
000640.png,0000000654.png
000641.png,0000000655.png
000642.png,0000000656.png
000643.png,0000000657.png
000644.png,0000000658.png
000645.png,0000000659.png
000646.png,0000000660.png
000647.png,0000000661.png
000648.png,0000000662.png
000649.png,0000000663.png
000650.png,0000000664.png
000651.png,0000000665.png
000652.png,0000000666.png
000653.png,0000000667.png
000654.png,0000000668.png
000655.png,0000000669.png
000656.png,0000000670.png
000657.png,0000000671.png
000658.png,0000000672.png
000659.png,0000000673.png
000660.png,0000000674.png
000661.png,0000000675.png
000662.png,0000000676.png
000663.png,0000000677.png
000664.png,0000000678.png
000665.png,0000000679.png
000666.png,0000000680.png
000667.png,0000000681.png
000668.png,0000000682.png
000669.png,0000000683.png
000670.png,0000000684.png
000671.png,0000000685.png
000672.png,0000000686.png
000673.png,0000000687.png
000674.png,0000000688.png
000675.png,0000000689.png
000676.png,0000000690.png
000677.png,0000000691.png
000678.png,0000000692.png
000679.png,0000000693.png
000680.png,0000000694.png
000681.png,0000000695.png
000682.png,0000000696.png
000683.png,0000000697.png
000684.png,0000000698.png
000685.png,0000000699.png
000686.png,0000000700.png
000687.png,0000000701.png
000688.png,0000000702.png
000689.png,0000000703.png
000690.png,0000000704.png
000691.png,0000000705.png
000692.png,0000000706.png
000693.png,0000000707.png
000694.png,0000000708.png
000695.png,0000000709.png
000696.png,0000000710.png
000697.png,0000000711.png
000698.png,0000000712.png
000699.png,0000000713.png
000700.png,0000000714.png
000701.png,0000000715.png
000702.png,0000000716.png
000703.png,0000000717.png
000704.png,0000000718.png
000705.png,0000000719.png
000706.png,0000000720.png
000707.png,0000000721.png
000708.png,0000000722.png
000709.png,0000000723.png
000710.png,0000000724.png
000711.png,0000000725.png
000712.png,0000000726.png
000713.png,0000000727.png
000714.png,0000000728.png
000715.png,0000000729.png
000716.png,0000000730.png
000717.png,0000000731.png
000718.png,0000000732.png
000719.png,0000000733.png
000720.png,0000000734.png
000721.png,0000000735.png
000722.png,0000000736.png
000723.png,0000000737.png
000724.png,0000000738.png
000725.png,0000000739.png
000726.png,0000000740.png
000727.png,0000000741.png
000728.png,0000000742.png
000729.png,0000000743.png
000730.png,0000000744.png
000731.png,0000000745.png
000732.png,0000000746.png
000733.png,0000000747.png
000734.png,0000000748.png
000735.png,0000000749.png
000736.png,0000000750.png
000737.png,0000000751.png
000738.png,0000000752.png
000739.png,0000000753.png
000740.png,0000000754.png
000741.png,0000000755.png
000742.png,0000000756.png
000743.png,0000000757.png
000744.png,0000000758.png
000745.png,0000000759.png
000746.png,0000000760.png
000747.png,0000000761.png
000748.png,0000000762.png
000749.png,0000000763.png
000750.png,0000000764.png
000751.png,0000000765.png
000752.png,0000000766.png
000753.png,0000000767.png
000754.png,0000000768.png
000755.png,0000000769.png
000756.png,0000000770.png
000757.png,0000000771.png
000758.png,0000000772.png
000759.png,0000000773.png
000760.png,0000000774.png
000761.png,0000000775.png
000762.png,0000000776.png
000763.png,0000000777.png
000764.png,0000000778.png
000765.png,0000000779.png
000766.png,0000000780.png
000767.png,0000000781.png
000768.png,0000000782.png
000769.png,0000000783.png
000770.png,0000000784.png
000771.png,0000000785.png
000772.png,0000000786.png
000773.png,0000000787.png
000774.png,0000000788.png
000775.png,0000000789.png
000776.png,0000000790.png
000777.png,0000000791.png
000778.png,0000000792.png
000779.png,0000000793.png
000780.png,0000000794.png
000781.png,0000000795.png
000782.png,0000000796.png
000783.png,0000000797.png
000784.png,0000000798.png
000785.png,0000000799.png
000786.png,0000000800.png
000787.png,0000000801.png
000788.png,0000000802.png
000789.png,0000000803.png
000790.png,0000000804.png
000791.png,0000000805.png
000792.png,0000000806.png
000793.png,0000000807.png
000794.png,0000000808.png
000795.png,0000000809.png
000796.png,0000000810.png
000797.png,0000000811.png
000798.png,0000000812.png
000799.png,0000000813.png
000800.png,0000000814.png
000801.png,0000000815.png
000802.png,0000000816.png
000803.png,0000000817.png
000804.png,0000000818.png
000805.png,0000000819.png
000806.png,0000000820.png
000807.png,0000000821.png
000808.png,0000000822.png
000809.png,0000000823.png
000810.png,0000000824.png
000811.png,0000000825.png
000812.png,0000000826.png
000813.png,0000000827.png
000814.png,0000000828.png
000815.png,0000000829.png
000816.png,0000000830.png
000817.png,0000000831.png
000818.png,0000000832.png
000819.png,0000000833.png
000820.png,0000000834.png
000821.png,0000000835.png
000822.png,0000000836.png
000823.png,0000000837.png
000824.png,0000000838.png
000825.png,0000000839.png
000826.png,0000000840.png
000827.png,0000000841.png
000828.png,0000000842.png
000829.png,0000000843.png
000830.png,0000000844.png
000831.png,0000000845.png
000832.png,0000000846.png
000833.png,0000000847.png
000834.png,0000000848.png
000835.png,0000000849.png
000836.png,0000000850.png
000837.png,0000000851.png
000838.png,0000000852.png
000839.png,0000000853.png
000840.png,0000000880.png
000841.png,0000000881.png
000842.png,0000000882.png
000843.png,0000000883.png
000844.png,0000000884.png
000845.png,0000000885.png
000846.png,0000000886.png
000847.png,0000000887.png
000848.png,0000000888.png
000849.png,0000000889.png
000850.png,0000000890.png
000851.png,0000000891.png
000852.png,0000000892.png
000853.png,0000000893.png
000854.png,0000000894.png
000855.png,0000000895.png
000856.png,0000000896.png
000857.png,0000000897.png
000858.png,0000000898.png
000859.png,0000000899.png
000860.png,0000000900.png
000861.png,0000000901.png
000862.png,0000000902.png
000863.png,0000000903.png
000864.png,0000000904.png
000865.png,0000000905.png
000866.png,0000000906.png
000867.png,0000000907.png
000868.png,0000000908.png
000869.png,0000000909.png
000870.png,0000000910.png
000871.png,0000000911.png
000872.png,0000000912.png
000873.png,0000000913.png
000874.png,0000000914.png
000875.png,0000000915.png
000876.png,0000000916.png
000877.png,0000000917.png
000878.png,0000000918.png
000879.png,0000000919.png
000880.png,0000000920.png
000881.png,0000000921.png
000882.png,0000000922.png
000883.png,0000000923.png
000884.png,0000000924.png
000885.png,0000000925.png
000886.png,0000000926.png
000887.png,0000000927.png
000888.png,0000000928.png
000889.png,0000000929.png
000890.png,0000000930.png
000891.png,0000000931.png
000892.png,0000000932.png
000893.png,0000000933.png
000894.png,0000000934.png
000895.png,0000000935.png
000896.png,0000000936.png
000897.png,0000000937.png
000898.png,0000000938.png
000899.png,0000000939.png
000900.png,0000000940.png
000901.png,0000000941.png
000902.png,0000000942.png
000903.png,0000000943.png
000904.png,0000000944.png
000905.png,0000000945.png
000906.png,0000000946.png
000907.png,0000000947.png
000908.png,0000000948.png
000909.png,0000000949.png
000910.png,0000000950.png
000911.png,0000000951.png
000912.png,0000000952.png
000913.png,0000000953.png
000914.png,0000000954.png
000915.png,0000000955.png
000916.png,0000000956.png
000917.png,0000000957.png
000918.png,0000000958.png
000919.png,0000000959.png
000920.png,0000000960.png
000921.png,0000000961.png
000922.png,0000000962.png
000923.png,0000000963.png
000924.png,0000000964.png
000925.png,0000000965.png
000926.png,0000000966.png
000927.png,0000000967.png
000928.png,0000000968.png
000929.png,0000000969.png
000930.png,0000000970.png
000931.png,0000000971.png
000932.png,0000000972.png
000933.png,0000000973.png
000934.png,0000000974.png
000935.png,0000000975.png
000936.png,0000000976.png
000937.png,0000000977.png
000938.png,0000000978.png
000939.png,0000000979.png
000940.png,0000000980.png
000941.png,0000000981.png
000942.png,0000000982.png
000943.png,0000000983.png
000944.png,0000000984.png
000945.png,0000000985.png
000946.png,0000000986.png
000947.png,0000000987.png
000948.png,0000000988.png
000949.png,0000000989.png
000950.png,0000000990.png
000951.png,0000000991.png
000952.png,0000000992.png
000953.png,0000000993.png
000954.png,0000000994.png
000955.png,0000000995.png
000956.png,0000000996.png
000957.png,0000000997.png
000958.png,0000000998.png
000959.png,0000000999.png
000960.png,0000001000.png
000961.png,0000001001.png
000962.png,0000001002.png
000963.png,0000001003.png
000964.png,0000001004.png
000965.png,0000001005.png
000966.png,0000001006.png
000967.png,0000001007.png
000968.png,0000001008.png
000969.png,0000001009.png
000970.png,0000001010.png
000971.png,0000001011.png
000972.png,0000001012.png
000973.png,0000001013.png
000974.png,0000001014.png
000975.png,0000001015.png
000976.png,0000001016.png
000977.png,0000001017.png
000978.png,0000001018.png
000979.png,0000001019.png
000980.png,0000001020.png
000981.png,0000001021.png
000982.png,0000001022.png
000983.png,0000001023.png
000984.png,0000001024.png
000985.png,0000001025.png
000986.png,0000001026.png
000987.png,0000001027.png
000988.png,0000001028.png
000989.png,0000001029.png
000990.png,0000001030.png
000991.png,0000001031.png
000992.png,0000001032.png
000993.png,0000001033.png
000994.png,0000001034.png
000995.png,0000001035.png
000996.png,0000001036.png
000997.png,0000001037.png
000998.png,0000001038.png
000999.png,0000001039.png
001000.png,0000001040.png
001001.png,0000001041.png
001002.png,0000001042.png
001003.png,0000001043.png
001004.png,0000001044.png
001005.png,0000001045.png
001006.png,0000001046.png
001007.png,0000001047.png
001008.png,0000001048.png
001009.png,0000001049.png
001010.png,0000001050.png
001011.png,0000001051.png
001012.png,0000001052.png
001013.png,0000001053.png
001014.png,0000001054.png
001015.png,0000001055.png
001016.png,0000001056.png
001017.png,0000001057.png
001018.png,0000001058.png
001019.png,0000001059.png
001020.png,0000001060.png
001021.png,0000001061.png
001022.png,0000001062.png
001023.png,0000001063.png
001024.png,0000001064.png
001025.png,0000001065.png
001026.png,0000001066.png
001027.png,0000001067.png
001028.png,0000001068.png
001029.png,0000001069.png
001030.png,0000001070.png
001031.png,0000001071.png
001032.png,0000001072.png
001033.png,0000001073.png
001034.png,0000001074.png
001035.png,0000001075.png
001036.png,0000001076.png
001037.png,0000001077.png
001038.png,0000001078.png
001039.png,0000001079.png
001040.png,0000001080.png
001041.png,0000001081.png
001042.png,0000001082.png
001043.png,0000001083.png
001044.png,0000001084.png
001045.png,0000001085.png
001046.png,0000001086.png
001047.png,0000001087.png
001048.png,0000001088.png
001049.png,0000001089.png
001050.png,0000001090.png
001051.png,0000001091.png
001052.png,0000001092.png
001053.png,0000001093.png
001054.png,0000001094.png
001055.png,0000001095.png
001056.png,0000001096.png
001057.png,0000001097.png
001058.png,0000001098.png
001059.png,0000001099.png
001060.png,0000001100.png
001061.png,0000001101.png
001062.png,0000001102.png
001063.png,0000001103.png
001064.png,0000001104.png
001065.png,0000001105.png
001066.png,0000001106.png
001067.png,0000001107.png
001068.png,0000001108.png
001069.png,0000001109.png
001070.png,0000001110.png
001071.png,0000001111.png
001072.png,0000001112.png
001073.png,0000001113.png
001074.png,0000001114.png
001075.png,0000001115.png
001076.png,0000001116.png
001077.png,0000001117.png
001078.png,0000001118.png
001079.png,0000001119.png
001080.png,0000001120.png
001081.png,0000001121.png
001082.png,0000001122.png
001083.png,0000001123.png
001084.png,0000001124.png
001085.png,0000001125.png
001086.png,0000001126.png
001087.png,0000001127.png
001088.png,0000001128.png
001089.png,0000001129.png
001090.png,0000001130.png
001091.png,0000001131.png
001092.png,0000001132.png
001093.png,0000001133.png
001094.png,0000001134.png
001095.png,0000001135.png
001096.png,0000001136.png
001097.png,0000001137.png
001098.png,0000001138.png
001099.png,0000001139.png
001100.png,0000001140.png
001101.png,0000001141.png
001102.png,0000001142.png
001103.png,0000001143.png
001104.png,0000001144.png
001105.png,0000001145.png
001106.png,0000001146.png
001107.png,0000001147.png
001108.png,0000001148.png
001109.png,0000001149.png
001110.png,0000001150.png
001111.png,0000001151.png
001112.png,0000001152.png
001113.png,0000001153.png
001114.png,0000001154.png
001115.png,0000001155.png
001116.png,0000001156.png
001117.png,0000001157.png
001118.png,0000001158.png
001119.png,0000001159.png
001120.png,0000001160.png
001121.png,0000001161.png
001122.png,0000001162.png
001123.png,0000001163.png
001124.png,0000001164.png
001125.png,0000001165.png
001126.png,0000001166.png
001127.png,0000001167.png
001128.png,0000001168.png
001129.png,0000001169.png
001130.png,0000001170.png
001131.png,0000001171.png
001132.png,0000001172.png
001133.png,0000001173.png
001134.png,0000001174.png
001135.png,0000001175.png
001136.png,0000001176.png
001137.png,0000001177.png
001138.png,0000001178.png
001139.png,0000001179.png
001140.png,0000001180.png
001141.png,0000001181.png
001142.png,0000001182.png
001143.png,0000001183.png
001144.png,0000001184.png
001145.png,0000001185.png
001146.png,0000001186.png
001147.png,0000001187.png
001148.png,0000001188.png
001149.png,0000001189.png
001150.png,0000001190.png
001151.png,0000001191.png
001152.png,0000001192.png
001153.png,0000001193.png
001154.png,0000001194.png
001155.png,0000001195.png
001156.png,0000001196.png
001157.png,0000001197.png
001158.png,0000001198.png
001159.png,0000001199.png
001160.png,0000001200.png
001161.png,0000001201.png
001162.png,0000001202.png
001163.png,0000001203.png
001164.png,0000001204.png
001165.png,0000001205.png
001166.png,0000001206.png
001167.png,0000001207.png
001168.png,0000001208.png
001169.png,0000001209.png
001170.png,0000001210.png
001171.png,0000001211.png
001172.png,0000001212.png
001173.png,0000001213.png
001174.png,0000001214.png
001175.png,0000001215.png
001176.png,0000001216.png
001177.png,0000001217.png
001178.png,0000001218.png
001179.png,0000001219.png
001180.png,0000001220.png
001181.png,0000001221.png
001182.png,0000001222.png
001183.png,0000001223.png
001184.png,0000001224.png
001185.png,0000001225.png
001186.png,0000001226.png
001187.png,0000001227.png
001188.png,0000001228.png
001189.png,0000001229.png
001190.png,0000001230.png
001191.png,0000001231.png
001192.png,0000001232.png
001193.png,0000001233.png
001194.png,0000001234.png
001195.png,0000001235.png
001196.png,0000001236.png
001197.png,0000001237.png
001198.png,0000001238.png
001199.png,0000001239.png
001200.png,0000001240.png
001201.png,0000001241.png
001202.png,0000001242.png
001203.png,0000001243.png
001204.png,0000001244.png
001205.png,0000001245.png
001206.png,0000001246.png
001207.png,0000001247.png
001208.png,0000001248.png
001209.png,0000001249.png
001210.png,0000001250.png
001211.png,0000001251.png
001212.png,0000001252.png
001213.png,0000001253.png
001214.png,0000001254.png
001215.png,0000001255.png
001216.png,0000001256.png
001217.png,0000001257.png
001218.png,0000001258.png
001219.png,0000001259.png
001220.png,0000001260.png
001221.png,0000001261.png
001222.png,0000001262.png
001223.png,0000001263.png
001224.png,0000001264.png
001225.png,0000001265.png
001226.png,0000001266.png
001227.png,0000001267.png
001228.png,0000001268.png
001229.png,0000001269.png
001230.png,0000001270.png
001231.png,0000001271.png
001232.png,0000001272.png
001233.png,0000001273.png
001234.png,0000001274.png
001235.png,0000001275.png
001236.png,0000001276.png
001237.png,0000001277.png
001238.png,0000001278.png
001239.png,0000001279.png
001240.png,0000001280.png
001241.png,0000001281.png
001242.png,0000001282.png
001243.png,0000001283.png
001244.png,0000001284.png
001245.png,0000001285.png
001246.png,0000001286.png
001247.png,0000001287.png
001248.png,0000001288.png
001249.png,0000001289.png
001250.png,0000001290.png
001251.png,0000001291.png
001252.png,0000001292.png
001253.png,0000001293.png
001254.png,0000001294.png
001255.png,0000001295.png
001256.png,0000001296.png
001257.png,0000001297.png
001258.png,0000001298.png
001259.png,0000001299.png
001260.png,0000001300.png
001261.png,0000001301.png
001262.png,0000001302.png
001263.png,0000001303.png
001264.png,0000001304.png
001265.png,0000001305.png
001266.png,0000001306.png
001267.png,0000001307.png
001268.png,0000001308.png
001269.png,0000001309.png
001270.png,0000001310.png
001271.png,0000001311.png
001272.png,0000001312.png
001273.png,0000001313.png
001274.png,0000001314.png
001275.png,0000001315.png
001276.png,0000001316.png
001277.png,0000001317.png
001278.png,0000001318.png
001279.png,0000001319.png
001280.png,0000001320.png
001281.png,0000001321.png
001282.png,0000001322.png
001283.png,0000001323.png
001284.png,0000001324.png
001285.png,0000001325.png
001286.png,0000001326.png
001287.png,0000001327.png
001288.png,0000001328.png
001289.png,0000001329.png
001290.png,0000001330.png
001291.png,0000001331.png
001292.png,0000001332.png
001293.png,0000001333.png
001294.png,0000001334.png
001295.png,0000001335.png
001296.png,0000001336.png
001297.png,0000001337.png
001298.png,0000001338.png
001299.png,0000001339.png
001300.png,0000001340.png
001301.png,0000001341.png
001302.png,0000001342.png
001303.png,0000001343.png
001304.png,0000001344.png
001305.png,0000001345.png
001306.png,0000001346.png
001307.png,0000001347.png
001308.png,0000001348.png
001309.png,0000001349.png
001310.png,0000001350.png
001311.png,0000001351.png
001312.png,0000001352.png
001313.png,0000001353.png
001314.png,0000001354.png
001315.png,0000001355.png
001316.png,0000001356.png
001317.png,0000001357.png
001318.png,0000001358.png
001319.png,0000001359.png
001320.png,0000001360.png
001321.png,0000001361.png
001322.png,0000001362.png
001323.png,0000001363.png
001324.png,0000001364.png
001325.png,0000001365.png
001326.png,0000001366.png
001327.png,0000001367.png
001328.png,0000001368.png
001329.png,0000001369.png
001330.png,0000001370.png
001331.png,0000001371.png
001332.png,0000001372.png
001333.png,0000001373.png
001334.png,0000001374.png
001335.png,0000001375.png
001336.png,0000001376.png
001337.png,0000001377.png
001338.png,0000001378.png
001339.png,0000001379.png
001340.png,0000001380.png
001341.png,0000001381.png
001342.png,0000001382.png
001343.png,0000001383.png
001344.png,0000001384.png
001345.png,0000001385.png
001346.png,0000001386.png
001347.png,0000001387.png
001348.png,0000001388.png
001349.png,0000001389.png
001350.png,0000001390.png
001351.png,0000001391.png
001352.png,0000001392.png
001353.png,0000001393.png
001354.png,0000001394.png
001355.png,0000001395.png
001356.png,0000001396.png
001357.png,0000001397.png
001358.png,0000001398.png
001359.png,0000001399.png
001360.png,0000001400.png
001361.png,0000001401.png
001362.png,0000001402.png
001363.png,0000001403.png
001364.png,0000001404.png
001365.png,0000001405.png
001366.png,0000001406.png
001367.png,0000001407.png
001368.png,0000001408.png
001369.png,0000001409.png
001370.png,0000001410.png
001371.png,0000001411.png
001372.png,0000001412.png
001373.png,0000001413.png
001374.png,0000001414.png
001375.png,0000001416.png
001376.png,0000001418.png
001377.png,0000001420.png
001378.png,0000001422.png
001379.png,0000001424.png
001380.png,0000001427.png
001381.png,0000001431.png
001382.png,0000001440.png
001383.png,0000001495.png
001384.png,0000001500.png
001385.png,0000001503.png
001386.png,0000001506.png
001387.png,0000001509.png
001388.png,0000001511.png
001389.png,0000001513.png
001390.png,0000001515.png
001391.png,0000001517.png
001392.png,0000001518.png
001393.png,0000001519.png
001394.png,0000001520.png
001395.png,0000001521.png
001396.png,0000001522.png
001397.png,0000001523.png
001398.png,0000001524.png
001399.png,0000001525.png
001400.png,0000001526.png
001401.png,0000001527.png
001402.png,0000001528.png
001403.png,0000001529.png
001404.png,0000001530.png
001405.png,0000001531.png
001406.png,0000001532.png
001407.png,0000001533.png
001408.png,0000001534.png
001409.png,0000001535.png
001410.png,0000001536.png
001411.png,0000001537.png
001412.png,0000001538.png
001413.png,0000001539.png
001414.png,0000001540.png
001415.png,0000001541.png
001416.png,0000001542.png
001417.png,0000001543.png
001418.png,0000001544.png
001419.png,0000001545.png
001420.png,0000001546.png
001421.png,0000001547.png
001422.png,0000001548.png
001423.png,0000001549.png
001424.png,0000001550.png
001425.png,0000001551.png
001426.png,0000001552.png
001427.png,0000001553.png
001428.png,0000001554.png
001429.png,0000001555.png
001430.png,0000001556.png
001431.png,0000001557.png
001432.png,0000001558.png
001433.png,0000001559.png
001434.png,0000001560.png
001435.png,0000001561.png
001436.png,0000001562.png
001437.png,0000001563.png
001438.png,0000001564.png
001439.png,0000001565.png
001440.png,0000001566.png
001441.png,0000001567.png
001442.png,0000001568.png
001443.png,0000001569.png
001444.png,0000001570.png
001445.png,0000001571.png
001446.png,0000001572.png
001447.png,0000001573.png
001448.png,0000001574.png
001449.png,0000001575.png
001450.png,0000001576.png
001451.png,0000001577.png
001452.png,0000001578.png
001453.png,0000001579.png
001454.png,0000001580.png
001455.png,0000001581.png
001456.png,0000001582.png
001457.png,0000001583.png
001458.png,0000001584.png
001459.png,0000001585.png
001460.png,0000001586.png
001461.png,0000001587.png
001462.png,0000001588.png
001463.png,0000001589.png
001464.png,0000001590.png
001465.png,0000001591.png
001466.png,0000001592.png
001467.png,0000001593.png
001468.png,0000001594.png
001469.png,0000001595.png
001470.png,0000001596.png
001471.png,0000001597.png
001472.png,0000001598.png
001473.png,0000001599.png
001474.png,0000001600.png
001475.png,0000001601.png
001476.png,0000001602.png
001477.png,0000001603.png
001478.png,0000001604.png
001479.png,0000001605.png
001480.png,0000001606.png
001481.png,0000001607.png
001482.png,0000001608.png
001483.png,0000001609.png
001484.png,0000001610.png
001485.png,0000001611.png
001486.png,0000001612.png
001487.png,0000001613.png
001488.png,0000001614.png
001489.png,0000001615.png
001490.png,0000001616.png
001491.png,0000001617.png
001492.png,0000001618.png
001493.png,0000001619.png
001494.png,0000001620.png
001495.png,0000001621.png
001496.png,0000001622.png
001497.png,0000001623.png
001498.png,0000001624.png
001499.png,0000001625.png
001500.png,0000001626.png
001501.png,0000001627.png
001502.png,0000001628.png
001503.png,0000001629.png
001504.png,0000001630.png
001505.png,0000001631.png
001506.png,0000001632.png
001507.png,0000001633.png
001508.png,0000001634.png
001509.png,0000001635.png
001510.png,0000001636.png
001511.png,0000001637.png
001512.png,0000001638.png
001513.png,0000001639.png
001514.png,0000001640.png
001515.png,0000001641.png
001516.png,0000001642.png
001517.png,0000001643.png
001518.png,0000001644.png
001519.png,0000001645.png
001520.png,0000001646.png
001521.png,0000001647.png
001522.png,0000001648.png
001523.png,0000001649.png
001524.png,0000001650.png
001525.png,0000001651.png
001526.png,0000001652.png
001527.png,0000001653.png
001528.png,0000001654.png
001529.png,0000001655.png
001530.png,0000001656.png
001531.png,0000001657.png
001532.png,0000001658.png
001533.png,0000001659.png
001534.png,0000001660.png
001535.png,0000001661.png
001536.png,0000001662.png
001537.png,0000001663.png
001538.png,0000001664.png
001539.png,0000001665.png
001540.png,0000001666.png
001541.png,0000001667.png
001542.png,0000001668.png
001543.png,0000001669.png
001544.png,0000001670.png
001545.png,0000001671.png
001546.png,0000001672.png
001547.png,0000001673.png
001548.png,0000001674.png
001549.png,0000001675.png
001550.png,0000001676.png
001551.png,0000001677.png
001552.png,0000001678.png
001553.png,0000001679.png
001554.png,0000001680.png
001555.png,0000001681.png
001556.png,0000001682.png
001557.png,0000001683.png
001558.png,0000001684.png
001559.png,0000001685.png
001560.png,0000001686.png
001561.png,0000001687.png
001562.png,0000001688.png
001563.png,0000001689.png
001564.png,0000001690.png
001565.png,0000001691.png
001566.png,0000001692.png
001567.png,0000001693.png
001568.png,0000001694.png
001569.png,0000001695.png
001570.png,0000001696.png
001571.png,0000001697.png
001572.png,0000001698.png
001573.png,0000001699.png
001574.png,0000001700.png
001575.png,0000001701.png
001576.png,0000001702.png
001577.png,0000001703.png
001578.png,0000001704.png
001579.png,0000001705.png
001580.png,0000001706.png
001581.png,0000001707.png
001582.png,0000001708.png
001583.png,0000001709.png
001584.png,0000001710.png
001585.png,0000001711.png
001586.png,0000001712.png
001587.png,0000001713.png
001588.png,0000001714.png
001589.png,0000001715.png
001590.png,0000001716.png
001591.png,0000001717.png
001592.png,0000001718.png
001593.png,0000001719.png
001594.png,0000001720.png
001595.png,0000001721.png
001596.png,0000001722.png
001597.png,0000001723.png
001598.png,0000001724.png
001599.png,0000001725.png
001600.png,0000001726.png
001601.png,0000001727.png
001602.png,0000001728.png
001603.png,0000001729.png
001604.png,0000001730.png
001605.png,0000001731.png
001606.png,0000001732.png
001607.png,0000001733.png
001608.png,0000001734.png
001609.png,0000001735.png
001610.png,0000001736.png
001611.png,0000001737.png
001612.png,0000001738.png
001613.png,0000001739.png
001614.png,0000001740.png
001615.png,0000001741.png
001616.png,0000001742.png
001617.png,0000001743.png
001618.png,0000001744.png
001619.png,0000001745.png
001620.png,0000001746.png
001621.png,0000001747.png
001622.png,0000001748.png
001623.png,0000001749.png
001624.png,0000001750.png
001625.png,0000001751.png
001626.png,0000001752.png
001627.png,0000001753.png
001628.png,0000001754.png
001629.png,0000001755.png
001630.png,0000001756.png
001631.png,0000001757.png
001632.png,0000001758.png
001633.png,0000001759.png
001634.png,0000001760.png
001635.png,0000001761.png
001636.png,0000001762.png
001637.png,0000001763.png
001638.png,0000001764.png
001639.png,0000001765.png
001640.png,0000001766.png
001641.png,0000001767.png
001642.png,0000001768.png
001643.png,0000001769.png
001644.png,0000001770.png
001645.png,0000001771.png
001646.png,0000001772.png
001647.png,0000001773.png
001648.png,0000001774.png
001649.png,0000001775.png
001650.png,0000001776.png
001651.png,0000001777.png
001652.png,0000001778.png
001653.png,0000001779.png
001654.png,0000001780.png
001655.png,0000001781.png
001656.png,0000001782.png
001657.png,0000001783.png
001658.png,0000001784.png
001659.png,0000001785.png
001660.png,0000001786.png
001661.png,0000001787.png
001662.png,0000001788.png
001663.png,0000001789.png
001664.png,0000001790.png
001665.png,0000001791.png
001666.png,0000001792.png
001667.png,0000001793.png
001668.png,0000001794.png
001669.png,0000001795.png
001670.png,0000001796.png
001671.png,0000001797.png
001672.png,0000001798.png
001673.png,0000001799.png
001674.png,0000001800.png
001675.png,0000001801.png
001676.png,0000001802.png
001677.png,0000001803.png
001678.png,0000001804.png
001679.png,0000001805.png
001680.png,0000001806.png
001681.png,0000001807.png
001682.png,0000001808.png
001683.png,0000001809.png
001684.png,0000001810.png
001685.png,0000001811.png
001686.png,0000001812.png
001687.png,0000001813.png
001688.png,0000001814.png
001689.png,0000001815.png
001690.png,0000001816.png
001691.png,0000001817.png
001692.png,0000001818.png
001693.png,0000001819.png
001694.png,0000001820.png
001695.png,0000001821.png
001696.png,0000001822.png
001697.png,0000001823.png
001698.png,0000001824.png
001699.png,0000001825.png
001700.png,0000001826.png
001701.png,0000001827.png
001702.png,0000001828.png
001703.png,0000001829.png
001704.png,0000001830.png
001705.png,0000001831.png
001706.png,0000001832.png
001707.png,0000001833.png
001708.png,0000001834.png
001709.png,0000001835.png
001710.png,0000001836.png
001711.png,0000001837.png
001712.png,0000001838.png
001713.png,0000001839.png
001714.png,0000001840.png
001715.png,0000001841.png
001716.png,0000001842.png
001717.png,0000001843.png
001718.png,0000001844.png
001719.png,0000001845.png
001720.png,0000001846.png
001721.png,0000001847.png
001722.png,0000001848.png
001723.png,0000001849.png
001724.png,0000001850.png
001725.png,0000001851.png
001726.png,0000001852.png
001727.png,0000001853.png
001728.png,0000001854.png
001729.png,0000001855.png
001730.png,0000001856.png
001731.png,0000001857.png
001732.png,0000001858.png
001733.png,0000001859.png
001734.png,0000001860.png
001735.png,0000001861.png
001736.png,0000001862.png
001737.png,0000001863.png
001738.png,0000001864.png
001739.png,0000001865.png
001740.png,0000001866.png
001741.png,0000001867.png
001742.png,0000001868.png
001743.png,0000001869.png
001744.png,0000001870.png
001745.png,0000001871.png
001746.png,0000001872.png
001747.png,0000001873.png
001748.png,0000001874.png
001749.png,0000001875.png
001750.png,0000001876.png
001751.png,0000001877.png
001752.png,0000001878.png
001753.png,0000001879.png
001754.png,0000001880.png
001755.png,0000001881.png
001756.png,0000001882.png
001757.png,0000001883.png
001758.png,0000001884.png
001759.png,0000001885.png
001760.png,0000001886.png
001761.png,0000001887.png
001762.png,0000001888.png
001763.png,0000001889.png
001764.png,0000001890.png
001765.png,0000001891.png
001766.png,0000001892.png
001767.png,0000001893.png
001768.png,0000001894.png
001769.png,0000001895.png
001770.png,0000001896.png
001771.png,0000001897.png
001772.png,0000001898.png
001773.png,0000001899.png
001774.png,0000001900.png
001775.png,0000001901.png
001776.png,0000001902.png
001777.png,0000001903.png
001778.png,0000001904.png
001779.png,0000001905.png
001780.png,0000001906.png
001781.png,0000001907.png
001782.png,0000001908.png
001783.png,0000001909.png
001784.png,0000001910.png
001785.png,0000001911.png
001786.png,0000001912.png
001787.png,0000001913.png
001788.png,0000001914.png
001789.png,0000001915.png
001790.png,0000001916.png
001791.png,0000001917.png
001792.png,0000001918.png
001793.png,0000001919.png
001794.png,0000001920.png
001795.png,0000001921.png
001796.png,0000001922.png
001797.png,0000001923.png
001798.png,0000001924.png
001799.png,0000001925.png
001800.png,0000001926.png
001801.png,0000001927.png
001802.png,0000001928.png
001803.png,0000001929.png
001804.png,0000001930.png
001805.png,0000001931.png
001806.png,0000001932.png
001807.png,0000001933.png
001808.png,0000001934.png
001809.png,0000001935.png
001810.png,0000001936.png
001811.png,0000001937.png
001812.png,0000001938.png
001813.png,0000001939.png
001814.png,0000001940.png
001815.png,0000001941.png
001816.png,0000001942.png
001817.png,0000001943.png
001818.png,0000001944.png
001819.png,0000001945.png
001820.png,0000001946.png
001821.png,0000001947.png
001822.png,0000001948.png
001823.png,0000001949.png
001824.png,0000001950.png
001825.png,0000001951.png
001826.png,0000001952.png
001827.png,0000001953.png
001828.png,0000001954.png
001829.png,0000001955.png
001830.png,0000001956.png
001831.png,0000001957.png
001832.png,0000001958.png
001833.png,0000001959.png
001834.png,0000001960.png
001835.png,0000001961.png
001836.png,0000001962.png
001837.png,0000001963.png
001838.png,0000001964.png
001839.png,0000001965.png
001840.png,0000001966.png
001841.png,0000001967.png
001842.png,0000001968.png
001843.png,0000001969.png
001844.png,0000001970.png
001845.png,0000001971.png
001846.png,0000001972.png
001847.png,0000001973.png
001848.png,0000001974.png
001849.png,0000001975.png
001850.png,0000001976.png
001851.png,0000001977.png
001852.png,0000001978.png
001853.png,0000001979.png
001854.png,0000001980.png
001855.png,0000001981.png
001856.png,0000001982.png
001857.png,0000001983.png
001858.png,0000001984.png
001859.png,0000001985.png
001860.png,0000001986.png
001861.png,0000001987.png
001862.png,0000001988.png
001863.png,0000001989.png
001864.png,0000001990.png
001865.png,0000001991.png
001866.png,0000001992.png
001867.png,0000001993.png
001868.png,0000001994.png
001869.png,0000001995.png
001870.png,0000001996.png
001871.png,0000001997.png
001872.png,0000001998.png
001873.png,0000001999.png
001874.png,0000002000.png
001875.png,0000002001.png
001876.png,0000002002.png
001877.png,0000002003.png
001878.png,0000002004.png
001879.png,0000002005.png
001880.png,0000002006.png
001881.png,0000002007.png
001882.png,0000002008.png
001883.png,0000002009.png
001884.png,0000002010.png
001885.png,0000002011.png
001886.png,0000002012.png
001887.png,0000002013.png
001888.png,0000002014.png
001889.png,0000002015.png
001890.png,0000002016.png
001891.png,0000002017.png
001892.png,0000002018.png
001893.png,0000002019.png
001894.png,0000002020.png
001895.png,0000002021.png
001896.png,0000002022.png
001897.png,0000002023.png
001898.png,0000002024.png
001899.png,0000002025.png
001900.png,0000002026.png
001901.png,0000002027.png
001902.png,0000002028.png
001903.png,0000002029.png
001904.png,0000002030.png
001905.png,0000002031.png
001906.png,0000002032.png
001907.png,0000002033.png
001908.png,0000002034.png
001909.png,0000002035.png
001910.png,0000002036.png
001911.png,0000002037.png
001912.png,0000002038.png
001913.png,0000002039.png
001914.png,0000002040.png
001915.png,0000002041.png
001916.png,0000002042.png
001917.png,0000002043.png
001918.png,0000002044.png
001919.png,0000002045.png
001920.png,0000002046.png
001921.png,0000002047.png
001922.png,0000002048.png
001923.png,0000002049.png
001924.png,0000002050.png
001925.png,0000002051.png
001926.png,0000002052.png
001927.png,0000002053.png
001928.png,0000002054.png
001929.png,0000002055.png
001930.png,0000002056.png
001931.png,0000002057.png
001932.png,0000002058.png
001933.png,0000002059.png
001934.png,0000002060.png
001935.png,0000002061.png
001936.png,0000002062.png
001937.png,0000002063.png
001938.png,0000002064.png
001939.png,0000002065.png
001940.png,0000002066.png
001941.png,0000002067.png
001942.png,0000002068.png
001943.png,0000002069.png
001944.png,0000002070.png
001945.png,0000002071.png
001946.png,0000002072.png
001947.png,0000002073.png
001948.png,0000002074.png
001949.png,0000002075.png
001950.png,0000002076.png
001951.png,0000002077.png
001952.png,0000002078.png
001953.png,0000002079.png
001954.png,0000002080.png
001955.png,0000002081.png
001956.png,0000002082.png
001957.png,0000002083.png
001958.png,0000002084.png
001959.png,0000002085.png
001960.png,0000002086.png
001961.png,0000002087.png
001962.png,0000002088.png
001963.png,0000002089.png
001964.png,0000002090.png
001965.png,0000002091.png
001966.png,0000002092.png
001967.png,0000002093.png
001968.png,0000002094.png
001969.png,0000002095.png
001970.png,0000002096.png
001971.png,0000002097.png
001972.png,0000002098.png
001973.png,0000002128.png
001974.png,0000002129.png
001975.png,0000002130.png
001976.png,0000002131.png
001977.png,0000002132.png
001978.png,0000002133.png
001979.png,0000002134.png
001980.png,0000002135.png
001981.png,0000002136.png
001982.png,0000002137.png
001983.png,0000002138.png
001984.png,0000002139.png
001985.png,0000002140.png
001986.png,0000002141.png
001987.png,0000002142.png
001988.png,0000002143.png
001989.png,0000002144.png
001990.png,0000002145.png
001991.png,0000002146.png
001992.png,0000002147.png
001993.png,0000002148.png
001994.png,0000002149.png
001995.png,0000002150.png
001996.png,0000002151.png
001997.png,0000002152.png
001998.png,0000002153.png
001999.png,0000002154.png
002000.png,0000002155.png
002001.png,0000002156.png
002002.png,0000002157.png
002003.png,0000002158.png
002004.png,0000002159.png
002005.png,0000002160.png
002006.png,0000002161.png
002007.png,0000002162.png
002008.png,0000002163.png
002009.png,0000002164.png
002010.png,0000002165.png
002011.png,0000002166.png
002012.png,0000002167.png
002013.png,0000002168.png
002014.png,0000002169.png
002015.png,0000002170.png
002016.png,0000002171.png
002017.png,0000002172.png
002018.png,0000002173.png
002019.png,0000002174.png
002020.png,0000002175.png
002021.png,0000002176.png
002022.png,0000002177.png
002023.png,0000002178.png
002024.png,0000002179.png
002025.png,0000002180.png
002026.png,0000002181.png
002027.png,0000002182.png
002028.png,0000002183.png
002029.png,0000002184.png
002030.png,0000002185.png
002031.png,0000002186.png
002032.png,0000002187.png
002033.png,0000002188.png
002034.png,0000002189.png
002035.png,0000002190.png
002036.png,0000002191.png
002037.png,0000002192.png
002038.png,0000002193.png
002039.png,0000002194.png
002040.png,0000002195.png
002041.png,0000002196.png
002042.png,0000002197.png
002043.png,0000002198.png
002044.png,0000002199.png
002045.png,0000002200.png
002046.png,0000002201.png
002047.png,0000002202.png
002048.png,0000002203.png
002049.png,0000002204.png
002050.png,0000002205.png
002051.png,0000002206.png
002052.png,0000002207.png
002053.png,0000002208.png
002054.png,0000002209.png
002055.png,0000002210.png
002056.png,0000002211.png
002057.png,0000002212.png
002058.png,0000002213.png
002059.png,0000002214.png
002060.png,0000002215.png
002061.png,0000002216.png
002062.png,0000002217.png
002063.png,0000002218.png
002064.png,0000002219.png
002065.png,0000002220.png
002066.png,0000002221.png
002067.png,0000002222.png
002068.png,0000002223.png
002069.png,0000002224.png
002070.png,0000002225.png
002071.png,0000002226.png
002072.png,0000002227.png
002073.png,0000002228.png
002074.png,0000002229.png
002075.png,0000002230.png
002076.png,0000002231.png
002077.png,0000002232.png
002078.png,0000002233.png
002079.png,0000002235.png
002080.png,0000002237.png
002081.png,0000002240.png
002082.png,0000002601.png
002083.png,0000002605.png
002084.png,0000002607.png
002085.png,0000002609.png
002086.png,0000002611.png
002087.png,0000002612.png
002088.png,0000002613.png
002089.png,0000002614.png
002090.png,0000002615.png
002091.png,0000002616.png
002092.png,0000002617.png
002093.png,0000002618.png
002094.png,0000002619.png
002095.png,0000002620.png
002096.png,0000002621.png
002097.png,0000002622.png
002098.png,0000002623.png
002099.png,0000002624.png
002100.png,0000002625.png
002101.png,0000002626.png
002102.png,0000002627.png
002103.png,0000002628.png
002104.png,0000002629.png
002105.png,0000002630.png
002106.png,0000002631.png
002107.png,0000002632.png
002108.png,0000002633.png
002109.png,0000002634.png
002110.png,0000002635.png
002111.png,0000002636.png
002112.png,0000002637.png
002113.png,0000002638.png
002114.png,0000002639.png
002115.png,0000002640.png
002116.png,0000002641.png
002117.png,0000002642.png
002118.png,0000002643.png
002119.png,0000002644.png
002120.png,0000002645.png
002121.png,0000002646.png
002122.png,0000002647.png
002123.png,0000002648.png
002124.png,0000002649.png
002125.png,0000002650.png
002126.png,0000002651.png
002127.png,0000002652.png
002128.png,0000002653.png
002129.png,0000002654.png
002130.png,0000002655.png
002131.png,0000002656.png
002132.png,0000002657.png
002133.png,0000002658.png
002134.png,0000002659.png
002135.png,0000002660.png
002136.png,0000002661.png
002137.png,0000002662.png
002138.png,0000002663.png
002139.png,0000002664.png
002140.png,0000002665.png
002141.png,0000002666.png
002142.png,0000002667.png
002143.png,0000002668.png
002144.png,0000002669.png
002145.png,0000002670.png
002146.png,0000002671.png
002147.png,0000002672.png
002148.png,0000002673.png
002149.png,0000002674.png
002150.png,0000002675.png
002151.png,0000002676.png
002152.png,0000002677.png
002153.png,0000002678.png
002154.png,0000002679.png
002155.png,0000002680.png
002156.png,0000002681.png
002157.png,0000002682.png
002158.png,0000002683.png
002159.png,0000002684.png
002160.png,0000002685.png
002161.png,0000002686.png
002162.png,0000002687.png
002163.png,0000002688.png
002164.png,0000002689.png
002165.png,0000002690.png
002166.png,0000002691.png
002167.png,0000002692.png
002168.png,0000002693.png
002169.png,0000002694.png
002170.png,0000002695.png
002171.png,0000002696.png
002172.png,0000002697.png
002173.png,0000002698.png
002174.png,0000002699.png
002175.png,0000002700.png
002176.png,0000002701.png
002177.png,0000002702.png
002178.png,0000002703.png
002179.png,0000002704.png
002180.png,0000002705.png
002181.png,0000002706.png
002182.png,0000002707.png
002183.png,0000002708.png
002184.png,0000002709.png
002185.png,0000002710.png
002186.png,0000002711.png
002187.png,0000002712.png
002188.png,0000002713.png
002189.png,0000002714.png
002190.png,0000002715.png
002191.png,0000002716.png
002192.png,0000002717.png
002193.png,0000002718.png
002194.png,0000002719.png
002195.png,0000002720.png
002196.png,0000002721.png
002197.png,0000002722.png
002198.png,0000002723.png
002199.png,0000002724.png
002200.png,0000002725.png
002201.png,0000002726.png
002202.png,0000002727.png
002203.png,0000002728.png
002204.png,0000002729.png
002205.png,0000002730.png
002206.png,0000002731.png
002207.png,0000002732.png
002208.png,0000002733.png
002209.png,0000002734.png
002210.png,0000002735.png
002211.png,0000002736.png
002212.png,0000002737.png
002213.png,0000002738.png
002214.png,0000002739.png
002215.png,0000002740.png
002216.png,0000002741.png
002217.png,0000002742.png
002218.png,0000002743.png
002219.png,0000002744.png
002220.png,0000002745.png
002221.png,0000002746.png
002222.png,0000002747.png
002223.png,0000002748.png
002224.png,0000002749.png
002225.png,0000002750.png
002226.png,0000002751.png
002227.png,0000002752.png
002228.png,0000002753.png
002229.png,0000002754.png
002230.png,0000002755.png
002231.png,0000002756.png
002232.png,0000002757.png
002233.png,0000002758.png
002234.png,0000002759.png
002235.png,0000002760.png
002236.png,0000002761.png
002237.png,0000002762.png
002238.png,0000002763.png
002239.png,0000002764.png
002240.png,0000002765.png
002241.png,0000002766.png
002242.png,0000002767.png
002243.png,0000002768.png
002244.png,0000002769.png
002245.png,0000002770.png
002246.png,0000002771.png
002247.png,0000002772.png
002248.png,0000002773.png
002249.png,0000002774.png
002250.png,0000002775.png
002251.png,0000002776.png
002252.png,0000002777.png
002253.png,0000002778.png
002254.png,0000002779.png
002255.png,0000002780.png
002256.png,0000002781.png
002257.png,0000002782.png
002258.png,0000002783.png
002259.png,0000002784.png
002260.png,0000002785.png
002261.png,0000002786.png
002262.png,0000002787.png
002263.png,0000002788.png
002264.png,0000002789.png
002265.png,0000002790.png
002266.png,0000002791.png
002267.png,0000002792.png
002268.png,0000002793.png
002269.png,0000002794.png
002270.png,0000002795.png
002271.png,0000002796.png
002272.png,0000002797.png
002273.png,0000002798.png
002274.png,0000002799.png
002275.png,0000002800.png
002276.png,0000002801.png
002277.png,0000002802.png
002278.png,0000002803.png
002279.png,0000002804.png
002280.png,0000002805.png
002281.png,0000002806.png
002282.png,0000002807.png
002283.png,0000002808.png
002284.png,0000002809.png
002285.png,0000002810.png
002286.png,0000002811.png
002287.png,0000002812.png
002288.png,0000002813.png
002289.png,0000002814.png
002290.png,0000002815.png
002291.png,0000002816.png
002292.png,0000002817.png
002293.png,0000002818.png
002294.png,0000002819.png
002295.png,0000002820.png
002296.png,0000002821.png
002297.png,0000002822.png
002298.png,0000002823.png
002299.png,0000002824.png
002300.png,0000002825.png
002301.png,0000002826.png
002302.png,0000002827.png
002303.png,0000002828.png
002304.png,0000002829.png
002305.png,0000002830.png
002306.png,0000002831.png
002307.png,0000002832.png
002308.png,0000002833.png
002309.png,0000002834.png
002310.png,0000002835.png
002311.png,0000002836.png
002312.png,0000002837.png
002313.png,0000002838.png
002314.png,0000002839.png
002315.png,0000002840.png
002316.png,0000002841.png
002317.png,0000002842.png
002318.png,0000002843.png
002319.png,0000002844.png
002320.png,0000002845.png
002321.png,0000002846.png
002322.png,0000002847.png
002323.png,0000002848.png
002324.png,0000002849.png
002325.png,0000002850.png
002326.png,0000002851.png
002327.png,0000002852.png
002328.png,0000002853.png
002329.png,0000002854.png
002330.png,0000002855.png
002331.png,0000002856.png
002332.png,0000002857.png
002333.png,0000002858.png
002334.png,0000002859.png
002335.png,0000002860.png
002336.png,0000002861.png
002337.png,0000002862.png
002338.png,0000002863.png
002339.png,0000002864.png
002340.png,0000002865.png
002341.png,0000002866.png
002342.png,0000002867.png
002343.png,0000002868.png
002344.png,0000002869.png
002345.png,0000002870.png
002346.png,0000002871.png
002347.png,0000002872.png
002348.png,0000002873.png
002349.png,0000002874.png
002350.png,0000002875.png
002351.png,0000002876.png
002352.png,0000002877.png
002353.png,0000002878.png
002354.png,0000002879.png
002355.png,0000002880.png
002356.png,0000002881.png
002357.png,0000002882.png
002358.png,0000002883.png
002359.png,0000002884.png
002360.png,0000002885.png
002361.png,0000002886.png
002362.png,0000002887.png
002363.png,0000002888.png
002364.png,0000002889.png
002365.png,0000002890.png
002366.png,0000002891.png
002367.png,0000002892.png
002368.png,0000002893.png
002369.png,0000002894.png
002370.png,0000002895.png
002371.png,0000002896.png
002372.png,0000002897.png
002373.png,0000002898.png
002374.png,0000002899.png
002375.png,0000002900.png
002376.png,0000002901.png
002377.png,0000002902.png
002378.png,0000002903.png
002379.png,0000002904.png
002380.png,0000002905.png
002381.png,0000002906.png
002382.png,0000002907.png
002383.png,0000002908.png
002384.png,0000002909.png
002385.png,0000002910.png
002386.png,0000002911.png
002387.png,0000002912.png
002388.png,0000002913.png
002389.png,0000002914.png
002390.png,0000002915.png
002391.png,0000002916.png
002392.png,0000002917.png
002393.png,0000002918.png
002394.png,0000002919.png
002395.png,0000002920.png
002396.png,0000002921.png
002397.png,0000002922.png
002398.png,0000002923.png
002399.png,0000002924.png
002400.png,0000002925.png
002401.png,0000002926.png
002402.png,0000002927.png
002403.png,0000002928.png
002404.png,0000002929.png
002405.png,0000002930.png
002406.png,0000002931.png
002407.png,0000002932.png
002408.png,0000002933.png
002409.png,0000002934.png
002410.png,0000002935.png
002411.png,0000002936.png
002412.png,0000002937.png
002413.png,0000002938.png
002414.png,0000002939.png
002415.png,0000002940.png
002416.png,0000002941.png
002417.png,0000002942.png
002418.png,0000002943.png
002419.png,0000002944.png
002420.png,0000002945.png
002421.png,0000002946.png
002422.png,0000002947.png
002423.png,0000002948.png
002424.png,0000002949.png
002425.png,0000002950.png
002426.png,0000002951.png
002427.png,0000002952.png
002428.png,0000002953.png
002429.png,0000002954.png
002430.png,0000002955.png
002431.png,0000002956.png
002432.png,0000002957.png
002433.png,0000002958.png
002434.png,0000002959.png
002435.png,0000002960.png
002436.png,0000002961.png
002437.png,0000002962.png
002438.png,0000002963.png
002439.png,0000002964.png
002440.png,0000002965.png
002441.png,0000002966.png
002442.png,0000002967.png
002443.png,0000002968.png
002444.png,0000002969.png
002445.png,0000002970.png
002446.png,0000002971.png
002447.png,0000002972.png
002448.png,0000002973.png
002449.png,0000002974.png
002450.png,0000002975.png
002451.png,0000002976.png
002452.png,0000002977.png
002453.png,0000002978.png
002454.png,0000002979.png
002455.png,0000002980.png
002456.png,0000002981.png
002457.png,0000002982.png
002458.png,0000002983.png
002459.png,0000002984.png
002460.png,0000002985.png
002461.png,0000002986.png
002462.png,0000002987.png
002463.png,0000002988.png
002464.png,0000002989.png
002465.png,0000002990.png
002466.png,0000002991.png
002467.png,0000002992.png
002468.png,0000002993.png
002469.png,0000002994.png
002470.png,0000002995.png
002471.png,0000002996.png
002472.png,0000002997.png
002473.png,0000002998.png
002474.png,0000002999.png
002475.png,0000003000.png
002476.png,0000003001.png
002477.png,0000003002.png
002478.png,0000003003.png
002479.png,0000003004.png
002480.png,0000003005.png
002481.png,0000003006.png
002482.png,0000003007.png
002483.png,0000003008.png
002484.png,0000003009.png
002485.png,0000003010.png
002486.png,0000003011.png
002487.png,0000003012.png
002488.png,0000003013.png
002489.png,0000003014.png
002490.png,0000003015.png
002491.png,0000003016.png
002492.png,0000003017.png
002493.png,0000003018.png
002494.png,0000003019.png
002495.png,0000003020.png
002496.png,0000003021.png
002497.png,0000003022.png
002498.png,0000003023.png
002499.png,0000003024.png
002500.png,0000003025.png
002501.png,0000003026.png
002502.png,0000003027.png
002503.png,0000003028.png
002504.png,0000003029.png
002505.png,0000003030.png
002506.png,0000003031.png
002507.png,0000003032.png
002508.png,0000003033.png
002509.png,0000003034.png
002510.png,0000003035.png
002511.png,0000003036.png
002512.png,0000003037.png
002513.png,0000003038.png
002514.png,0000003039.png
002515.png,0000003040.png
002516.png,0000003041.png
002517.png,0000003042.png
002518.png,0000003043.png
002519.png,0000003044.png
002520.png,0000003045.png
002521.png,0000003046.png
002522.png,0000003047.png
002523.png,0000003048.png
002524.png,0000003049.png
002525.png,0000003050.png
002526.png,0000003051.png
002527.png,0000003052.png
002528.png,0000003053.png
002529.png,0000003054.png
002530.png,0000003055.png
002531.png,0000003056.png
002532.png,0000003057.png
002533.png,0000003058.png
002534.png,0000003059.png
002535.png,0000003060.png
002536.png,0000003061.png
002537.png,0000003062.png
002538.png,0000003063.png
002539.png,0000003064.png
002540.png,0000003065.png
002541.png,0000003066.png
002542.png,0000003067.png
002543.png,0000003068.png
002544.png,0000003069.png
002545.png,0000003070.png
002546.png,0000003071.png
002547.png,0000003072.png
002548.png,0000003073.png
002549.png,0000003074.png
002550.png,0000003075.png
002551.png,0000003076.png
002552.png,0000003077.png
002553.png,0000003078.png
002554.png,0000003079.png
002555.png,0000003080.png
002556.png,0000003081.png
002557.png,0000003082.png
002558.png,0000003083.png
002559.png,0000003084.png
002560.png,0000003085.png
002561.png,0000003086.png
002562.png,0000003087.png
002563.png,0000003088.png
002564.png,0000003089.png
002565.png,0000003090.png
002566.png,0000003091.png
002567.png,0000003092.png
002568.png,0000003093.png
002569.png,0000003094.png
002570.png,0000003095.png
002571.png,0000003096.png
002572.png,0000003097.png
002573.png,0000003098.png
002574.png,0000003099.png
002575.png,0000003100.png
002576.png,0000003101.png
002577.png,0000003102.png
002578.png,0000003103.png
002579.png,0000003104.png
002580.png,0000003105.png
002581.png,0000003106.png
002582.png,0000003107.png
002583.png,0000003108.png
002584.png,0000003109.png
002585.png,0000003110.png
002586.png,0000003111.png
002587.png,0000003112.png
002588.png,0000003113.png
002589.png,0000003114.png
002590.png,0000003115.png
002591.png,0000003116.png
002592.png,0000003117.png
002593.png,0000003118.png
002594.png,0000003119.png
002595.png,0000003120.png
002596.png,0000003121.png
002597.png,0000003122.png
002598.png,0000003123.png
002599.png,0000003124.png
002600.png,0000003125.png
002601.png,0000003126.png
002602.png,0000003127.png
002603.png,0000003128.png
002604.png,0000003129.png
002605.png,0000003130.png
002606.png,0000003131.png
002607.png,0000003132.png
002608.png,0000003133.png
002609.png,0000003134.png
002610.png,0000003135.png
002611.png,0000003136.png
002612.png,0000003137.png
002613.png,0000003138.png
002614.png,0000003139.png
002615.png,0000003140.png
002616.png,0000003141.png
002617.png,0000003142.png
002618.png,0000003143.png
002619.png,0000003144.png
002620.png,0000003145.png
002621.png,0000003146.png
002622.png,0000003147.png
002623.png,0000003148.png
002624.png,0000003149.png
002625.png,0000003150.png
002626.png,0000003151.png
002627.png,0000003152.png
002628.png,0000003153.png
002629.png,0000003154.png
002630.png,0000003155.png
002631.png,0000003156.png
002632.png,0000003157.png
002633.png,0000003158.png
002634.png,0000003159.png
002635.png,0000003160.png
002636.png,0000003161.png
002637.png,0000003162.png
002638.png,0000003163.png
002639.png,0000003164.png
002640.png,0000003165.png
002641.png,0000003166.png
002642.png,0000003167.png
002643.png,0000003168.png
002644.png,0000003169.png
002645.png,0000003170.png
002646.png,0000003171.png
002647.png,0000003172.png
002648.png,0000003173.png
002649.png,0000003174.png
002650.png,0000003175.png
002651.png,0000003176.png
002652.png,0000003177.png
002653.png,0000003178.png
002654.png,0000003179.png
002655.png,0000003180.png
002656.png,0000003181.png
002657.png,0000003182.png
002658.png,0000003183.png
002659.png,0000003184.png
002660.png,0000003185.png
002661.png,0000003186.png
002662.png,0000003187.png
002663.png,0000003188.png
002664.png,0000003189.png
002665.png,0000003190.png
002666.png,0000003191.png
002667.png,0000003192.png
002668.png,0000003193.png
002669.png,0000003194.png
002670.png,0000003195.png
002671.png,0000003196.png
002672.png,0000003197.png
002673.png,0000003198.png
002674.png,0000003199.png
002675.png,0000003200.png
002676.png,0000003201.png
002677.png,0000003202.png
002678.png,0000003203.png
002679.png,0000003204.png
002680.png,0000003205.png
002681.png,0000003206.png
002682.png,0000003207.png
002683.png,0000003208.png
002684.png,0000003209.png
002685.png,0000003210.png
002686.png,0000003211.png
002687.png,0000003212.png
002688.png,0000003213.png
002689.png,0000003214.png
002690.png,0000003215.png
002691.png,0000003216.png
002692.png,0000003217.png
002693.png,0000003218.png
002694.png,0000003219.png
002695.png,0000003220.png
002696.png,0000003221.png
002697.png,0000003222.png
002698.png,0000003223.png
002699.png,0000003224.png
002700.png,0000003225.png
002701.png,0000003226.png
002702.png,0000003227.png
002703.png,0000003228.png
002704.png,0000003229.png
002705.png,0000003230.png
002706.png,0000003231.png
002707.png,0000003232.png
002708.png,0000003233.png
002709.png,0000003234.png
002710.png,0000003235.png
002711.png,0000003236.png
002712.png,0000003237.png
002713.png,0000003238.png
002714.png,0000003239.png
002715.png,0000003240.png
002716.png,0000003241.png
002717.png,0000003242.png
002718.png,0000003243.png
002719.png,0000003244.png
002720.png,0000003245.png
002721.png,0000003246.png
002722.png,0000003247.png
002723.png,0000003248.png
002724.png,0000003249.png
002725.png,0000003250.png
002726.png,0000003251.png
002727.png,0000003252.png
002728.png,0000003253.png
002729.png,0000003254.png
002730.png,0000003255.png
002731.png,0000003256.png
002732.png,0000003257.png
002733.png,0000003258.png
002734.png,0000003259.png
002735.png,0000003260.png
002736.png,0000003261.png
002737.png,0000003262.png
002738.png,0000003263.png
002739.png,0000003264.png
002740.png,0000003265.png
002741.png,0000003266.png
002742.png,0000003267.png
002743.png,0000003268.png
002744.png,0000003269.png
002745.png,0000003270.png
002746.png,0000003271.png
002747.png,0000003272.png
002748.png,0000003273.png
002749.png,0000003274.png
002750.png,0000003275.png
002751.png,0000003276.png
002752.png,0000003277.png
002753.png,0000003278.png
002754.png,0000003279.png
002755.png,0000003280.png
002756.png,0000003281.png
002757.png,0000003282.png
002758.png,0000003283.png
002759.png,0000003284.png
002760.png,0000003285.png
002761.png,0000003286.png
002762.png,0000003287.png
002763.png,0000003288.png
002764.png,0000003289.png
002765.png,0000003290.png
002766.png,0000003291.png
002767.png,0000003292.png
002768.png,0000003293.png
002769.png,0000003294.png
002770.png,0000003295.png
002771.png,0000003296.png
002772.png,0000003297.png
002773.png,0000003298.png
002774.png,0000003299.png
002775.png,0000003300.png
002776.png,0000003301.png
002777.png,0000003302.png
002778.png,0000003303.png
002779.png,0000003304.png
002780.png,0000003305.png
002781.png,0000003306.png
002782.png,0000003307.png
002783.png,0000003308.png
002784.png,0000003309.png
002785.png,0000003310.png
002786.png,0000003311.png
002787.png,0000003312.png
002788.png,0000003313.png
